Length to use,all,,,,,,
Correction distance,1,,,,,,
Correct SNPs,true,,,,,,
Correct indels,true,,,,,,
Orientation,forward,,,,,,
,,,,,,,
Barcode,Plate,Well,Condition,Read Type,Next Commands,Output File Name(s),
ACCGGAG,,,,TP53_WT,,snps_csv,
ACCAGAG,,,,TP53_MUT,,snps_csv,
CTGGTGA,,,,CAAP1_WT,,snps_csv,
CTGATGA,,,,CAAP1_MUT,,snps_csv,
AGTTGCT,,,,DNHD1_WT,,snps_csv,
AGTGGCT,,,,DNHD1_MUT,,snps_csv,
TCCCTCG,,,,GOLGA3_WT,,snps_csv,
TCTCTCG,,,,GOLGA3_MUT,,snps_csv,
CGAGTAA,,,,MAP3K7_WT,,snps_csv,
CGACTAA,,,,MAP3K7_MUT,,snps_csv,
No match,,,,UnknownGenotype,,,
