Length to use,all,,,,,
Plates to use,all,,,,,
Correction distance,1,,,,,
Correct SNPs,true,,,,,
Correct indels,true,,,,,
Orientation,forward,,,,,
,,,,,,
Barcode,Plate,Well,Condition,Read Type,Next Commands,Output File Name(s)
GAGTTCTAAG,,A1,CA46,TargRT,,
GCTCTTAGAA,,A2,CA46,TargRT,,
TAATAACTAC,,A3,CA46,TargRT,,
ACCGACTATT,,A4,CA46,TargRT,,
TCTCGAACGTA,,A5,CA46,TargRT,,
CTCCATAATTC,,A6,CA46,TargRT,,
TGAATAACGCG,,A7,CA46_HEL,TargRT,,
AGTTCTTGCCT,,A8,CA46_HEL,TargRT,,
ACTCCGTACCAC,,A9,CA46_HEL,TargRT,,
CCGGCGCATTGT,,A10,CA46_HEL,TargRT,,
CCGGATCTAATA,,A11,CA46_HEL,TargRT,,
GTTCGTTATCCG,,A12,CA46_HEL,TargRT,,
CTGACTCTGA,,B1,HEL,TargRT,,
TGGCGCGTAC,,B2,HEL,TargRT,,
GGCATGAATC,,B3,HEL,TargRT,,
AGTTAAGTAA,,B4,HEL,TargRT,,
GGAGCTAATCA,,B5,HEL,TargRT,,
TGAGAATTATC,,B6,HEL,TargRT,,
AGGTTCTCGCG,,B7,CA46_CCRFCEM,TargRT,,
TGGATAATCAT,,B8,CA46_CCRFCEM,TargRT,,
GGCGTCTTAGAC,,B9,CA46_CCRFCEM,TargRT,,
CCGTTGGCCGGT,,B10,CA46_CCRFCEM,TargRT,,
CCTCTTGATGTA,,B11,CA46_CCRFCEM,TargRT,,
AACCTATGCCCG,,B12,CA46_CCRFCEM,TargRT,,
ATCAGGCGGT,,C1,CCRFCEM,TargRT,,
AAGGATATCC,,C2,CCRFCEM,TargRT,,
AGCGATTCAA,,C3,CCRFCEM,TargRT,,
TTCTTATACT,,C4,CCRFCEM,TargRT,,
AGGAGTCAATA,,C5,CCRFCEM,TargRT,,
TGGCCAGTATC,,C6,CCRFCEM,TargRT,,
AACGAGCGGCG,,C7,HEL_CCRFCEM,TargRT,,
GGTCCGCATCT,,C8,HEL_CCRFCEM,TargRT,,
TGGAGCCATAAC,,C9,HEL_CCRFCEM,TargRT,,
GTTGAGTCCTGT,,C10,HEL_CCRFCEM,TargRT,,
AGAGCGGCTTTA,,C11,HEL_CCRFCEM,TargRT,,
AGGACCAGACCG,,C12,HEL_CCRFCEM,TargRT,,
AATCTTGCTC,,D1,CA46_HEL,TargRT,,
CTTACTCAGG,,D2,CA46_HEL,TargRT,,
CGAACCAGCA,,D3,CA46_HEL,TargRT,,
GGCTACGCTA,,D4,CA46_HEL,TargRT,,
GGCGGTATAAA,,D5,CA46_HEL,TargRT,,
CATACGACCTC,,D6,CA46_HEL,TargRT,,
TTCTCCGGCCG,,D7,CA46_HEL,TargRT,,
TGCGTAGCCTT,,D8,CA46_HEL,TargRT,,
TCAACGTTCAAC,,D9,CA46_HEL,TargRT,,
GGTAAGACTGGT,,D10,CA46_HEL,TargRT,,
GAAGTTGACGTA,,D11,CA46_HEL,TargRT,,
ACGCATGACCCG,,D12,CA46_HEL,TargRT,,
CCGCTTCAGG,,E1,CA46_CCRFCEM,TargRT,,
CAACCATCAA,,E2,CA46_CCRFCEM,TargRT,,
TATGGACTAT,,E3,CA46_CCRFCEM,TargRT,,
AACTGAATAA,,E4,CA46_CCRFCEM,TargRT,,
CGCGGATTCCA,,E5,CA46_CCRFCEM,TargRT,,
ACGCGGTCGCC,,E6,CA46_CCRFCEM,TargRT,,
TGCCAGTAACG,,E7,CA46_CCRFCEM,TargRT,,
ATTATGCTCCT,,E8,CA46_CCRFCEM,TargRT,,
AGTACTTCAAAC,,E9,CA46_CCRFCEM,TargRT,,
TGCTGGATACGT,,E10,CA46_CCRFCEM,TargRT,,
GCTGCTGAATTA,,E11,CA46_CCRFCEM,TargRT,,
ACTGCTCCTACG,,E12,CA46_CCRFCEM,TargRT,,
AGTTCAGTCG,,F1,HEL_CCRFCEM,TargRT,,
CCAGCCAGGA,,F2,HEL_CCRFCEM,TargRT,,
GAGCTTCAAC,,F3,HEL_CCRFCEM,TargRT,,
GCCTAGCTCA,,F4,HEL_CCRFCEM,TargRT,,
CCAATGGCCTA,,F5,HEL_CCRFCEM,TargRT,,
AGAGAGCGACC,,F6,HEL_CCRFCEM,TargRT,,
GAGCGCGGCAG,,F7,HEL_CCRFCEM,TargRT,,
AGGATGGACGT,,F8,HEL_CCRFCEM,TargRT,,
ACGCAGTAGAAC,,F9,HEL_CCRFCEM,TargRT,,
GTAATCTTCAGT,,F10,HEL_CCRFCEM,TargRT,,
TCCATGATGATA,,F11,HEL_CCRFCEM,TargRT,,
GCGTTGATCACG,,F12,HEL_CCRFCEM,TargRT,,
TGACCGCTAC,,G1,CA46_HEL_CCRFCEM,TargRT,,
CATTCCTGAT,,G2,CA46_HEL_CCRFCEM,TargRT,,
GGCTGAATTG,,G3,CA46_HEL_CCRFCEM,TargRT,,
TGATAAGTTA,,G4,CA46_HEL_CCRFCEM,TargRT,,
CCGGACTCCAA,,G5,CA46_HEL_CCRFCEM,TargRT,,
GCGCAACTAAC,,G6,CA46_HEL_CCRFCEM,TargRT,,
CGGATGGCATG,,G7,CA46_HEL_CCRFCEM,TargRT,,
GGCGCCGCCAT,,G8,CA46_HEL_CCRFCEM,TargRT,,
AATTGCCGCAAC,,G9,CA46_HEL_CCRFCEM,TargRT,,
GTAGTCTGAAGT,,G10,CA46_HEL_CCRFCEM,TargRT,,
GGCGGACGTTTA,,G11,CA46_HEL_CCRFCEM,TargRT,,
CCATGATTCGCG,,G12,CA46_HEL_CCRFCEM,TargRT,,
CTCCTGGTAT,,H1,CA46_HEL_CCRFCEM,TargRT,,
CTGCTAGGAA,,H2,CA46_HEL_CCRFCEM,TargRT,,
TTCAGAGACG,,H3,CA46_HEL_CCRFCEM,TargRT,,
GGACTGAACT,,H4,CA46_HEL_CCRFCEM,TargRT,,
AATATCTCAGA,,H5,CA46_HEL_CCRFCEM,TargRT,,
GAATTCGAGCC,,H6,CA46_HEL_CCRFCEM,TargRT,,
AGTAAGTCGAG,,H7,CA46_HEL_CCRFCEM,TargRT,,
GCTCATGCTTT,,H8,CA46_HEL_CCRFCEM,TargRT,,
AATTAGAAGGAC,,H9,CA46_HEL_CCRFCEM,TargRT,,
GGCGTAGCAAGT,,H10,CA46_HEL_CCRFCEM,TargRT,,
AGATTAGCGATA,,H11,CA46_HEL_CCRFCEM,TargRT,,
TGGCAGTTCTCG,,H12,CA46_HEL_CCRFCEM,TargRT,,
TTCTCGCATG,,A1,CA46,dT,,
TCCTACCAGT,,A2,CA46,dT,,
GCGTTGGAGC,,A3,CA46,dT,,
GATCTTACGC,,A4,CA46,dT,,
CTGATGGTCA,,A5,CA46,dT,,
CCGAGAATCC,,A6,CA46,dT,,
GCCGCAACGA,,A7,CA46_HEL,dT,,
TGAGTCTGGC,,A8,CA46_HEL,dT,,
TGCGGACCTA,,A9,CA46_HEL,dT,,
ACCTCGTTGA,,A10,CA46_HEL,dT,,
ACGGAGGCGG,,A11,CA46_HEL,dT,,
TAGATCTACT,,A12,CA46_HEL,dT,,
AATTAAGACT,,B1,HEL,dT,,
CCATTGCGTT,,B2,HEL,dT,,
TTATTCATTC,,B3,HEL,dT,,
ATCTCCGAAC,,B4,HEL,dT,,
TTGACTTCAG,,B5,HEL,dT,,
GGCAGGTATT,,B6,HEL,dT,,
AGAGCTATAA,,B7,CA46_CCRFCEM,dT,,
CTAAGAGAAG,,B8,CA46_CCRFCEM,dT,,
ACTCAATAGG,,B9,CA46_CCRFCEM,dT,,
CTTGCGCCGC,,B10,CA46_CCRFCEM,dT,,
AATCGTAGCG,,B11,CA46_CCRFCEM,dT,,
GGTACTGCCT,,B12,CA46_CCRFCEM,dT,,
TAGAATTAAC,,C1,CCRFCEM,dT,,
GCCATTCTCC,,C2,CCRFCEM,dT,,
TGCCGGCAGA,,C3,CCRFCEM,dT,,
TTACCGAGGC,,C4,CCRFCEM,dT,,
ATCATATTAG,,C5,CCRFCEM,dT,,
TGGTCAGCCA,,C6,CCRFCEM,dT,,
ACTATGCAAT,,C7,HEL_CCRFCEM,dT,,
CGACGCGACT,,C8,HEL_CCRFCEM,dT,,
GATACGGAAC,,C9,HEL_CCRFCEM,dT,,
TTATCCGGAT,,C10,HEL_CCRFCEM,dT,,
TAGAGTAATA,,C11,HEL_CCRFCEM,dT,,
GCAGGTCCGT,,C12,HEL_CCRFCEM,dT,,
TCGGCCTTAC,,D1,CA46_HEL,dT,,
AGAACGTCTC,,D2,CA46_HEL,dT,,
CCAGTTCCAA,,D3,CA46_HEL,dT,,
GGCGTTAAGG,,D4,CA46_HEL,dT,,
ACTTAACCTT,,D5,CA46_HEL,dT,,
CAACCGCTAA,,D6,CA46_HEL,dT,,
GACCTTGATA,,D7,CA46_HEL,dT,,
TCTGATACCA,,D8,CA46_HEL,dT,,
GAAGATCGAG,,D9,CA46_HEL,dT,,
AGGAGCGGTA,,D10,CA46_HEL,dT,,
AAGAAGCTAG,,D11,CA46_HEL,dT,,
TCCGGCCTCG,,D12,CA46_HEL,dT,,
AGAGAAGGTT,,E1,CA46_CCRFCEM,dT,,
CATACTCCGA,,E2,CA46_CCRFCEM,dT,,
GCTAACTTGC,,E3,CA46_CCRFCEM,dT,,
AATCCATCTT,,E4,CA46_CCRFCEM,dT,,
GGCTGAGCTC,,E5,CA46_CCRFCEM,dT,,
CCGATTCCTG,,E6,CA46_CCRFCEM,dT,,
ACCGCCAACC,,E7,CA46_CCRFCEM,dT,,
TGGCCTGAAG,,E8,CA46_CCRFCEM,dT,,
AACCTCATTC,,E9,CA46_CCRFCEM,dT,,
ATAAGGAGCA,,E10,CA46_CCRFCEM,dT,,
CGAACGCCGG,,E11,CA46_CCRFCEM,dT,,
GGTATGCTTG,,E12,CA46_CCRFCEM,dT,,
AACCTGCGTA,,F1,HEL_CCRFCEM,dT,,
GGCAGACGCC,,F2,HEL_CCRFCEM,dT,,
TAGCCGTCAT,,F3,HEL_CCRFCEM,dT,,
CCTGGAAGAG,,F4,HEL_CCRFCEM,dT,,
GGAGGTTCTA,,F5,HEL_CCRFCEM,dT,,
CTAGTAGTCT,,F6,HEL_CCRFCEM,dT,,
ATCATCAACG,,F7,HEL_CCRFCEM,dT,,
ACGCGAGATT,,F8,HEL_CCRFCEM,dT,,
GAAGAGGCAT,,F9,HEL_CCRFCEM,dT,,
GGTATCCGCC,,F10,HEL_CCRFCEM,dT,,
AACTAGGCGC,,F11,HEL_CCRFCEM,dT,,
TCGCTAAGCA,,F12,HEL_CCRFCEM,dT,,
TATATACTAA,,G1,CA46_HEL_CCRFCEM,dT,,
ACTTGCTAGA,,G2,CA46_HEL_CCRFCEM,dT,,
AACCATTGGA,,G3,CA46_HEL_CCRFCEM,dT,,
TCGCGGTTGG,,G4,CA46_HEL_CCRFCEM,dT,,
CGTAGTTACC,,G5,CA46_HEL_CCRFCEM,dT,,
TCCAATCATC,,G6,CA46_HEL_CCRFCEM,dT,,
AATCGATAAT,,G7,CA46_HEL_CCRFCEM,dT,,
CCATTATCTA,,G8,CA46_HEL_CCRFCEM,dT,,
TCAACGTAAG,,G9,CA46_HEL_CCRFCEM,dT,,
TCTAATAGTA,,G10,CA46_HEL_CCRFCEM,dT,,
AACCGCTGGT,,G11,CA46_HEL_CCRFCEM,dT,,
GATCGCTTCT,,G12,CA46_HEL_CCRFCEM,dT,,
CTAACTAGAT,,H1,CA46_HEL_CCRFCEM,dT,,
GCTGGAACTT,,H2,CA46_HEL_CCRFCEM,dT,,
AGGTTAGTTC,,H3,CA46_HEL_CCRFCEM,dT,,
CATTCGACGG,,H4,CA46_HEL_CCRFCEM,dT,,
CATTCAATCA,,H5,CA46_HEL_CCRFCEM,dT,,
CGGATTAGAA,,H6,CA46_HEL_CCRFCEM,dT,,
ATCGGCTATC,,H7,CA46_HEL_CCRFCEM,dT,,
CCTTGATCGT,,H8,CA46_HEL_CCRFCEM,dT,,
ACGAAGTCAA,,H9,CA46_HEL_CCRFCEM,dT,,
TTACCTCGAC,,H10,CA46_HEL_CCRFCEM,dT,,
GGAGGATAGC,,H11,CA46_HEL_CCRFCEM,dT,,
GGCTCTCTAT,,H12,CA46_HEL_CCRFCEM,dT,,
GGTTGGCGAC,,A1,CA46,dT,,
GTAGATCGTT,,A2,CA46,dT,,
GAGGTCGGTT,,A3,CA46,dT,,
ACGCGCTCCT,,A4,CA46,dT,,
AGCGTCGTAT,,A5,CA46,dT,,
GACCAATGCG,,A6,CA46,dT,,
AGGTAGAGCT,,A7,CA46_HEL,dT,,
TTGCAGCATT,,A8,CA46_HEL,dT,,
GTAGATGCGC,,A9,CA46_HEL,dT,,
TCGGTAAGGC,,A10,CA46_HEL,dT,,
ACGATAGACT,,A11,CA46_HEL,dT,,
GCGGCCAATC,,A12,CA46_HEL,dT,,
ACGCGTATCG,,B1,HEL,dT,,
CATGACTCAA,,B2,HEL,dT,,
ACTCCGCCAA,,B3,HEL,dT,,
ACGTTGAATG,,B4,HEL,dT,,
AGGACTGCGA,,B5,HEL,dT,,
ACTCGACGCC,,B6,HEL,dT,,
CCTATCATAA,,B7,CA46_CCRFCEM,dT,,
AATCCGGTCA,,B8,CA46_CCRFCEM,dT,,
CTATTAACCA,,B9,CA46_CCRFCEM,dT,,
GATCCAGCGT,,B10,CA46_CCRFCEM,dT,,
TGAGACTCTA,,B11,CA46_CCRFCEM,dT,,
GCGGAGTCGA,,B12,CA46_CCRFCEM,dT,,
GAGGCTTATT,,C1,CCRFCEM,dT,,
CGCCAGGCAT,,C2,CCRFCEM,dT,,
AATACCAGTT,,C3,CCRFCEM,dT,,
GCGGTTATTG,,C4,CCRFCEM,dT,,
CATCCAGCCA,,C5,CCRFCEM,dT,,
GGCTGCCTTA,,C6,CCRFCEM,dT,,
TTCTATAGAG,,C7,HEL_CCRFCEM,dT,,
TCTAGTCAAG,,C8,HEL_CCRFCEM,dT,,
ACGGAGAATA,,C9,HEL_CCRFCEM,dT,,
ATTAACTTAA,,C10,HEL_CCRFCEM,dT,,
CGTATTGAGA,,C11,HEL_CCRFCEM,dT,,
TAGCCAGCAA,,C12,HEL_CCRFCEM,dT,,
TCGGCGTCGT,,D1,CA46_HEL,dT,,
GCCTGATATA,,D2,CA46_HEL,dT,,
GCCTCAGCAT,,D3,CA46_HEL,dT,,
ATCTAGGTTC,,D4,CA46_HEL,dT,,
GACGAGGTTG,,D5,CA46_HEL,dT,,
CTGGTTGGTT,,D6,CA46_HEL,dT,,
CCGCGCAGGT,,D7,CA46_HEL,dT,,
ACTCTACTGG,,D8,CA46_HEL,dT,,
CCTGAGAGCA,,D9,CA46_HEL,dT,,
ACCAGTATAA,,D10,CA46_HEL,dT,,
TCCGCCGGTC,,D11,CA46_HEL,dT,,
TGCCTAACTT,,D12,CA46_HEL,dT,,
TTCTCTGAGA,,E1,CA46_CCRFCEM,dT,,
CCTGCATCAA,,E2,CA46_CCRFCEM,dT,,
TCTGACGAGG,,E3,CA46_CCRFCEM,dT,,
GATTCCGGAA,,E4,CA46_CCRFCEM,dT,,
TGGCATAACG,,E5,CA46_CCRFCEM,dT,,
TCTCTCATCC,,E6,CA46_CCRFCEM,dT,,
TTCGCTGCCT,,E7,CA46_CCRFCEM,dT,,
GGATTCTATC,,E8,CA46_CCRFCEM,dT,,
TAGAATAGCC,,E9,CA46_CCRFCEM,dT,,
GCTCGAATCA,,E10,CA46_CCRFCEM,dT,,
GGCTCGAGAT,,E11,CA46_CCRFCEM,dT,,
TCCTCTCCGT,,E12,CA46_CCRFCEM,dT,,
ATAACCGTTC,,F1,HEL_CCRFCEM,dT,,
AGGTCTATGG,,F2,HEL_CCRFCEM,dT,,
AGCAAGAACC,,F3,HEL_CCRFCEM,dT,,
TTGATATGAA,,F4,HEL_CCRFCEM,dT,,
TGGCAGAAGT,,F5,HEL_CCRFCEM,dT,,
CTTCATTAGA,,F6,HEL_CCRFCEM,dT,,
AATCGAACTC,,F7,HEL_CCRFCEM,dT,,
GGACGACGCA,,F8,HEL_CCRFCEM,dT,,
CGTCTATGAA,,F9,HEL_CCRFCEM,dT,,
CGAATCTCCT,,F10,HEL_CCRFCEM,dT,,
GGCTATTCGA,,F11,HEL_CCRFCEM,dT,,
TCTATCGGTA,,F12,HEL_CCRFCEM,dT,,
CGAAGGCATG,,G1,CA46_HEL_CCRFCEM,dT,,
AATTGAGAGA,,G2,CA46_HEL_CCRFCEM,dT,,
GTAGTTGGAT,,G3,CA46_HEL_CCRFCEM,dT,,
CCTAAGCGGT,,G4,CA46_HEL_CCRFCEM,dT,,
CGTAAGGAGT,,G5,CA46_HEL_CCRFCEM,dT,,
AAGCATCCTA,,G6,CA46_HEL_CCRFCEM,dT,,
CTGAAGAGAC,,G7,CA46_HEL_CCRFCEM,dT,,
GGCTTCTGGA,,G8,CA46_HEL_CCRFCEM,dT,,
AGCGATCCGC,,G9,CA46_HEL_CCRFCEM,dT,,
ACGCTTCTCT,,G10,CA46_HEL_CCRFCEM,dT,,
ATATGCCATC,,G11,CA46_HEL_CCRFCEM,dT,,
AAGTACGTTA,,G12,CA46_HEL_CCRFCEM,dT,,
GAATGAGGAG,,H1,CA46_HEL_CCRFCEM,dT,,
AGGCCGGTAA,,H2,CA46_HEL_CCRFCEM,dT,,
GCCATCAACT,,H3,CA46_HEL_CCRFCEM,dT,,
ACTGGTAGAT,,H4,CA46_HEL_CCRFCEM,dT,,
ATGAGTTCTC,,H5,CA46_HEL_CCRFCEM,dT,,
CCATCGGACC,,H6,CA46_HEL_CCRFCEM,dT,,
GGCATCTACC,,H7,CA46_HEL_CCRFCEM,dT,,
TTCTCTACTA,,H8,CA46_HEL_CCRFCEM,dT,,
CCAGGCTCTT,,H9,CA46_HEL_CCRFCEM,dT,,
ATCCATCAGG,,H10,CA46_HEL_CCRFCEM,dT,,
CTCGGAGCAA,,H11,CA46_HEL_CCRFCEM,dT,,
GGCGGTTGAC,,H12,CA46_HEL_CCRFCEM,dT,,